1INCH,1INCH,1INCH
AAVE,AAVE,AAVE
ADA,ADA,ADA
AE,AE,AE
AERGO,AERGO,AERGO
ALGO,ALGO,ALGO
ALPHA,ALPHA,ALPHA
ANT,ANT,ANT
ARDR,ARDR,ARDR
ARK,ARK,ARK
AST,AST,AST
ATOM,ATOM,ATOM
AUCTION,AUCTION,AUCTION
AVAX,AVAX,AVAX
AXS,AXS,AXS
BADGER,BADGER,BADGER
BAL,BAL,BAL
BAND,BAND,BAND
BAT,BAT,BAT
BCD,BCD,BCD
BCH,BCH,BCH
BETH,BETH,BETH
BNT,BNT,BNT
BTC,BTC,BTC
BTG,BTG,BTG
BTT,BTT,BTT
CELO,CELO,CELO
CELR,CELR,CELR
CFX,CFX,CFX
CHAT,CHAT,CHAT
CHZ,CHZ,CHZ
CLV,CLV,CLV
CMT,CMT,CMT
COMP,COMP,COMP
COVER,COVER,COVER
CRV,CRV,CRV
CTXC,CTXC,CTXC
CVC,CVC,CVC
CVP,CVP,CVP
DAI,DAI,DAI
DASH,DASH,DASH
DCR,DCR,DCR
DGB,DGB,DGB
DIA,DIA,DIA
DOGE,DOGE,DOGE
DOT,DOT,DOT
EGLD,EGLD,EGLD
ELF,ELF,ELF
ENJ,ENJ,ENJ
EOS,EOS,EOS
ETC,ETC,ETC
ETH,ETH,ETH
FIL,FIL,FIL
FLM,FLM,FLM
FORTH,FORTH,FORTH
FRONT,FRONT,FRONT
FTM,FTM,FTM
FUN,FUN,FUN
GAS,GAS,GAS
GHST,GHST,GHST
GLM,GLM,GLM
GRT,GRT,GRT
GTO,GTO,GTO
HBAR,HBAR,HBAR
HC,HC,HC
HEGIC,HEGIC,HEGIC
ICP,ICP,ICP
ICX,ICX,ICX
IOST,IOST,IOST
IOTA,IOTA,IOTA
IQ,IQ,IQ
JST,JST,JST
KLAY,KLAY,KLAY
KNC,KNC,KNC
KP3R,KP3R,KP3R
KSM,KSM,KSM
LINK,LINK,LINK
LPT,LPT,LPT
LRC,LRC,LRC
LSK,LSK,LSK
LTC,LTC,LTC
LUNA,LUNA,LUNA
MANA,MANA,MANA
MASK,MASK,MASK
MATIC,MATIC,MATIC
MCO,MCO,MCO
MDA,MDA,MDA
MDT,MDT,MDT
MIR,MIR,MIR
MITH,MITH,MITH
MKR,MKR,MKR
MLN,MLN,MLN
NANO,NANO,NANO
NAS,NAS,NAS
NEAR,NEAR,NEAR
NEO,NEO,NEO
NMR,NMR,NMR
NU,NU,NU
NULS,NULS,NULS
OM,OM,OM
OMG,OMG,OMG
ONT,ONT,ONT
OXT,OXT,OXT
PAX,PAX,PAX
PERP,PERP,PERP
PHA,PHA,PHA
POLS,POLS,POLS
PPT,PPT,PPT
QTUM,QTUM,QTUM
REN,REN,REN
REP,REP,REP
RSR,RSR,RSR
RVN,RVN,RVN
SAND,SAND,SAND
SC,SC,SC
SHIB,SHIB,SHIB
SKL,SKL,SKL
SNT,SNT,SNT
SNX,SNX,SNX
SOL,SOL,SOL
SRM,SRM,SRM
STORJ,STORJ,STORJ
STX,STX,STX
SUN,SUN,SUN
SUSHI,SUSHI,SUSHI
SWRV,SWRV,SWRV
TCT,TCT,TCT
THETA,THETA,THETA
TORN,TORN,TORN
TRB,TRB,TRB
TRX,TRX,TRX
TUSD,TUSD,TUSD
UMA,UMA,UMA
UNI,UNI,UNI
USDC,USDC,USDC
USDT,USDT,USDT
UTK,UTK,UTK
VIB,VIB,VIB
VITE,VITE,VITE
WAVES,WAVES,WAVES
WBTC,WBTC,WBTC
WING,WING,WING
WNXM,WNXM,WNXM
WTC,WTC,WTC
XEM,XEM,XEM
XLM,XLM,XLM
XMR,XMR,XMR
XRP,XRP,XRP
XTZ,XTZ,XTZ
YFI,YFI,YFI
YFII,YFII,YFII
YOYO,YOYO,YOYO
ZEC,ZEC,ZEC
ZEN,ZEN,ZEN
ZIL,ZIL,ZIL
ZRX,ZRX,ZRX
1INCHDOWN,1INCHDOWN,absent_in_okex
1INCHUP,1INCHUP,absent_in_okex
AAVEDOWN,AAVEDOWN,absent_in_okex
AAVEUP,AAVEUP,absent_in_okex
ACM,ACM,absent_in_okex
ADADOWN,ADADOWN,absent_in_okex
ADAUP,ADAUP,absent_in_okex
ADX,ADX,absent_in_okex
AGI,AGI,absent_in_okex
AGIX,AGIX,absent_in_okex
AION,AION,absent_in_okex
AKRO,AKRO,absent_in_okex
ALICE,ALICE,absent_in_okex
AMB,AMB,absent_in_okex
ANKR,ANKR,absent_in_okex
APPC,APPC,absent_in_okex
AR,AR,absent_in_okex
ARN,ARN,absent_in_okex
ARPA,ARPA,absent_in_okex
ASR,ASR,absent_in_okex
ATA,ATA,absent_in_okex
ATM,ATM,absent_in_okex
AUD,AUD,absent_in_okex
AUDIO,AUDIO,absent_in_okex
AUTO,AUTO,absent_in_okex
AVA,AVA,absent_in_okex
BAKE,BAKE,absent_in_okex
BAR,BAR,absent_in_okex
BCC,BCC,absent_in_okex
BCHA,BCHA,absent_in_okex
BCHABC,BCHABC,absent_in_okex
BCHDOWN,BCHDOWN,absent_in_okex
BCHSV,BCHSV,absent_in_okex
BCHUP,BCHUP,absent_in_okex
BCN,BCN,absent_in_okex
BCPT,BCPT,absent_in_okex
BEAM,BEAM,absent_in_okex
BEAR,BEAR,absent_in_okex
BEL,BEL,absent_in_okex
BGBP,BGBP,absent_in_okex
BIDR,BIDR,absent_in_okex
BIFI,BIFI,absent_in_okex
BKRW,BKRW,absent_in_okex
BLZ,BLZ,absent_in_okex
BNB,BNB,absent_in_okex
BNBBEAR,BNBBEAR,absent_in_okex
BNBBULL,BNBBULL,absent_in_okex
BNBDOWN,BNBDOWN,absent_in_okex
BNBUP,BNBUP,absent_in_okex
BOND,BOND,absent_in_okex
BOT,BOT,absent_in_okex
BQX,BQX,absent_in_okex
BRD,BRD,absent_in_okex
BRL,BRL,absent_in_okex
BTCB,BTCB,absent_in_okex
BTCDOWN,BTCDOWN,absent_in_okex
BTCST,BTCST,absent_in_okex
BTCUP,BTCUP,absent_in_okex
BTS,BTS,absent_in_okex
BULL,BULL,absent_in_okex
BURGER,BURGER,absent_in_okex
BUSD,BUSD,absent_in_okex
BVND,BVND,absent_in_okex
BZRX,BZRX,absent_in_okex
C98,C98,absent_in_okex
CAKE,CAKE,absent_in_okex
CDT,CDT,absent_in_okex
CHR,CHR,absent_in_okex
CKB,CKB,absent_in_okex
CLOAK,CLOAK,absent_in_okex
CND,CND,absent_in_okex
COCOS,COCOS,absent_in_okex
COS,COS,absent_in_okex
COTI,COTI,absent_in_okex
CREAM,CREAM,absent_in_okex
CTK,CTK,absent_in_okex
CTSI,CTSI,absent_in_okex
DATA,DATA,absent_in_okex
DEGO,DEGO,absent_in_okex
DENT,DENT,absent_in_okex
DEXE,DEXE,absent_in_okex
DF,DF,absent_in_okex
DGD,DGD,absent_in_okex
DLT,DLT,absent_in_okex
DNT,DNT,absent_in_okex
DOCK,DOCK,absent_in_okex
DODO,DODO,absent_in_okex
DOTDOWN,DOTDOWN,absent_in_okex
DOTUP,DOTUP,absent_in_okex
DREP,DREP,absent_in_okex
DUSK,DUSK,absent_in_okex
EASY,EASY,absent_in_okex
EDO,EDO,absent_in_okex
ENG,ENG,absent_in_okex
EOSBEAR,EOSBEAR,absent_in_okex
EOSBULL,EOSBULL,absent_in_okex
EOSDOWN,EOSDOWN,absent_in_okex
EOSUP,EOSUP,absent_in_okex
EPS,EPS,absent_in_okex
ERD,ERD,absent_in_okex
ERN,ERN,absent_in_okex
ETHBEAR,ETHBEAR,absent_in_okex
ETHBULL,ETHBULL,absent_in_okex
ETHDOWN,ETHDOWN,absent_in_okex
ETHUP,ETHUP,absent_in_okex
EUR,EUR,absent_in_okex
EVX,EVX,absent_in_okex
EZ,EZ,absent_in_okex
FET,FET,absent_in_okex
FILDOWN,FILDOWN,absent_in_okex
FILUP,FILUP,absent_in_okex
FIO,FIO,absent_in_okex
FIRO,FIRO,absent_in_okex
FIS,FIS,absent_in_okex
FOR,FOR,absent_in_okex
FTT,FTT,absent_in_okex
FUEL,FUEL,absent_in_okex
FXS,FXS,absent_in_okex
GBP,GBP,absent_in_okex
GNT,GNT,absent_in_okex
GO,GO,absent_in_okex
GRS,GRS,absent_in_okex
GTC,GTC,absent_in_okex
GVT,GVT,absent_in_okex
GXS,GXS,absent_in_okex
GYEN,GYEN,absent_in_okex
HARD,HARD,absent_in_okex
HIVE,HIVE,absent_in_okex
HNT,HNT,absent_in_okex
HOT,HOT,absent_in_okex
HSR,HSR,absent_in_okex
ICN,ICN,absent_in_okex
IDEX,IDEX,absent_in_okex
IDRT,IDRT,absent_in_okex
INJ,INJ,absent_in_okex
INS,INS,absent_in_okex
IOTX,IOTX,absent_in_okex
IRIS,IRIS,absent_in_okex
JUV,JUV,absent_in_okex
KAVA,KAVA,absent_in_okex
KEEP,KEEP,absent_in_okex
KEY,KEY,absent_in_okex
KMD,KMD,absent_in_okex
LEND,LEND,absent_in_okex
LINA,LINA,absent_in_okex
LINKDOWN,LINKDOWN,absent_in_okex
LINKUP,LINKUP,absent_in_okex
LIT,LIT,absent_in_okex
LOOM,LOOM,absent_in_okex
LTCDOWN,LTCDOWN,absent_in_okex
LTCUP,LTCUP,absent_in_okex
LTO,LTO,absent_in_okex
LUN,LUN,absent_in_okex
MBL,MBL,absent_in_okex
MDX,MDX,absent_in_okex
MFT,MFT,absent_in_okex
MOD,MOD,absent_in_okex
MTH,MTH,absent_in_okex
MTL,MTL,absent_in_okex
NAV,NAV,absent_in_okex
NBS,NBS,absent_in_okex
NCASH,NCASH,absent_in_okex
NEBL,NEBL,absent_in_okex
NGN,NGN,absent_in_okex
NKN,NKN,absent_in_okex
NPXS,NPXS,absent_in_okex
NXS,NXS,absent_in_okex
OAX,OAX,absent_in_okex
OCEAN,OCEAN,absent_in_okex
OG,OG,absent_in_okex
OGN,OGN,absent_in_okex
ONE,ONE,absent_in_okex
ONG,ONG,absent_in_okex
ORN,ORN,absent_in_okex
OST,OST,absent_in_okex
PAXG,PAXG,absent_in_okex
PERL,PERL,absent_in_okex
PHB,PHB,absent_in_okex
PHX,PHX,absent_in_okex
PIVX,PIVX,absent_in_okex
PNT,PNT,absent_in_okex
POA,POA,absent_in_okex
POE,POE,absent_in_okex
POLY,POLY,absent_in_okex
POND,POND,absent_in_okex
POWR,POWR,absent_in_okex
PROM,PROM,absent_in_okex
PROS,PROS,absent_in_okex
PSG,PSG,absent_in_okex
PUNDIX,PUNDIX,absent_in_okex
QKC,QKC,absent_in_okex
QLC,QLC,absent_in_okex
QNT,QNT,absent_in_okex
QSP,QSP,absent_in_okex
QUICK,QUICK,absent_in_okex
RAMP,RAMP,absent_in_okex
RCN,RCN,absent_in_okex
RDN,RDN,absent_in_okex
REEF,REEF,absent_in_okex
RENBTC,RENBTC,absent_in_okex
REQ,REQ,absent_in_okex
RIF,RIF,absent_in_okex
RLC,RLC,absent_in_okex
ROSE,ROSE,absent_in_okex
RPX,RPX,absent_in_okex
RUB,RUB,absent_in_okex
RUNE,RUNE,absent_in_okex
SALT,SALT,absent_in_okex
SCRT,SCRT,absent_in_okex
SFP,SFP,absent_in_okex
SKY,SKY,absent_in_okex
SLP,SLP,absent_in_okex
SNGLS,SNGLS,absent_in_okex
SNM,SNM,absent_in_okex
SPARTA,SPARTA,absent_in_okex
STEEM,STEEM,absent_in_okex
STMX,STMX,absent_in_okex
STORM,STORM,absent_in_okex
STPT,STPT,absent_in_okex
STRAT,STRAT,absent_in_okex
STRAX,STRAX,absent_in_okex
SUB,SUB,absent_in_okex
SUPER,SUPER,absent_in_okex
SUSD,SUSD,absent_in_okex
SUSHIDOWN,SUSHIDOWN,absent_in_okex
SUSHIUP,SUSHIUP,absent_in_okex
SXP,SXP,absent_in_okex
SXPDOWN,SXPDOWN,absent_in_okex
SXPUP,SXPUP,absent_in_okex
SYS,SYS,absent_in_okex
TFUEL,TFUEL,absent_in_okex
TKO,TKO,absent_in_okex
TLM,TLM,absent_in_okex
TNB,TNB,absent_in_okex
TNT,TNT,absent_in_okex
TOMO,TOMO,absent_in_okex
TRIG,TRIG,absent_in_okex
TROY,TROY,absent_in_okex
TRU,TRU,absent_in_okex
TRXDOWN,TRXDOWN,absent_in_okex
TRXUP,TRXUP,absent_in_okex
TRY,TRY,absent_in_okex
TUSDB,TUSDB,absent_in_okex
TVK,TVK,absent_in_okex
TWT,TWT,absent_in_okex
UAH,UAH,absent_in_okex
UFT,UFT,absent_in_okex
UNFI,UNFI,absent_in_okex
UNIDOWN,UNIDOWN,absent_in_okex
UNIUP,UNIUP,absent_in_okex
USDS,USDS,absent_in_okex
USDSB,USDSB,absent_in_okex
VAI,VAI,absent_in_okex
VEN,VEN,absent_in_okex
VET,VET,absent_in_okex
VIA,VIA,absent_in_okex
VIBE,VIBE,absent_in_okex
VIDT,VIDT,absent_in_okex
VTHO,VTHO,absent_in_okex
WABI,WABI,absent_in_okex
WAN,WAN,absent_in_okex
WIN,WIN,absent_in_okex
WINGS,WINGS,absent_in_okex
WPR,WPR,absent_in_okex
WRX,WRX,absent_in_okex
XLMDOWN,XLMDOWN,absent_in_okex
XLMUP,XLMUP,absent_in_okex
XRPBEAR,XRPBEAR,absent_in_okex
XRPBULL,XRPBULL,absent_in_okex
XRPDOWN,XRPDOWN,absent_in_okex
XRPUP,XRPUP,absent_in_okex
XTZDOWN,XTZDOWN,absent_in_okex
XTZUP,XTZUP,absent_in_okex
XVG,XVG,absent_in_okex
XVS,XVS,absent_in_okex
XZC,XZC,absent_in_okex
YFIDOWN,YFIDOWN,absent_in_okex
YFIUP,YFIUP,absent_in_okex
ZAR,ZAR,absent_in_okex
AAC,absent_in_binance,AAC
ABT,absent_in_binance,ABT
ACT,absent_in_binance,ACT
AKITA,absent_in_binance,AKITA
ALV,absent_in_binance,ALV
ANC,absent_in_binance,ANC
ANW,absent_in_binance,ANW
API3,absent_in_binance,API3
APIX,absent_in_binance,APIX
APM,absent_in_binance,APM
BCX,absent_in_binance,BCX
BHP,absent_in_binance,BHP
BLOC,absent_in_binance,BLOC
BOX,absent_in_binance,BOX
BSV,absent_in_binance,BSV
BTM,absent_in_binance,BTM
BZZ,absent_in_binance,BZZ
CEL,absent_in_binance,CEL
CFG,absent_in_binance,CFG
CNTM,absent_in_binance,CNTM
CONV,absent_in_binance,CONV
CQT,absent_in_binance,CQT
CRO,absent_in_binance,CRO
CSPR,absent_in_binance,CSPR
CTC,absent_in_binance,CTC
CVT,absent_in_binance,CVT
DAO,absent_in_binance,DAO
DEP,absent_in_binance,DEP
DHT,absent_in_binance,DHT
DMD,absent_in_binance,DMD
DMG,absent_in_binance,DMG
DNA,absent_in_binance,DNA
DORA,absent_in_binance,DORA
EC,absent_in_binance,EC
EGT,absent_in_binance,EGT
EM,absent_in_binance,EM
ETM,absent_in_binance,ETM
EXE,absent_in_binance,EXE
FAIR,absent_in_binance,FAIR
FLOW,absent_in_binance,FLOW
FSN,absent_in_binance,FSN
GAL,absent_in_binance,GAL
GNX,absent_in_binance,GNX
GUSD,absent_in_binance,GUSD
HDAO,absent_in_binance,HDAO
HYC,absent_in_binance,HYC
INT,absent_in_binance,INT
INX,absent_in_binance,INX
ITC,absent_in_binance,ITC
JFI,absent_in_binance,JFI
KAN,absent_in_binance,KAN
KAR,absent_in_binance,KAR
KCASH,absent_in_binance,KCASH
KINE,absent_in_binance,KINE
KISHU,absent_in_binance,KISHU
KONO,absent_in_binance,KONO
LAMB,absent_in_binance,LAMB
LAT,absent_in_binance,LAT
LBA,absent_in_binance,LBA
LEO,absent_in_binance,LEO
LET,absent_in_binance,LET
LMCH,absent_in_binance,LMCH
LON,absent_in_binance,LON
LOON,absent_in_binance,LOON
MEME,absent_in_binance,MEME
MINA,absent_in_binance,MINA
MOF,absent_in_binance,MOF
MXC,absent_in_binance,MXC
MXT,absent_in_binance,MXT
NDN,absent_in_binance,NDN
OKB,absent_in_binance,OKB
OKT,absent_in_binance,OKT
ORBS,absent_in_binance,ORBS
ORS,absent_in_binance,ORS
PAY,absent_in_binance,PAY
PICKLE,absent_in_binance,PICKLE
PLG,absent_in_binance,PLG
PMA,absent_in_binance,PMA
PNK,absent_in_binance,PNK
PROPS,absent_in_binance,PROPS
PRQ,absent_in_binance,PRQ
PST,absent_in_binance,PST
QUN,absent_in_binance,QUN
RFUEL,absent_in_binance,RFUEL
RIO,absent_in_binance,RIO
RNT,absent_in_binance,RNT
ROAD,absent_in_binance,ROAD
SBTC,absent_in_binance,SBTC
SFG,absent_in_binance,SFG
SNC,absent_in_binance,SNC
SOC,absent_in_binance,SOC
STRK,absent_in_binance,STRK
SWFTC,absent_in_binance,SWFTC
TAI,absent_in_binance,TAI
TMTG,absent_in_binance,TMTG
TOPC,absent_in_binance,TOPC
TRA,absent_in_binance,TRA
TRADE,absent_in_binance,TRADE
TRIO,absent_in_binance,TRIO
TRUE,absent_in_binance,TRUE
UBTC,absent_in_binance,UBTC
USDK,absent_in_binance,USDK
VALUE,absent_in_binance,VALUE
VELO,absent_in_binance,VELO
VRA,absent_in_binance,VRA
VSYS,absent_in_binance,VSYS
WGRT,absent_in_binance,WGRT
WXT,absent_in_binance,WXT
XCH,absent_in_binance,XCH
XEC,absent_in_binance,XEC
XPO,absent_in_binance,XPO
XPR,absent_in_binance,XPR
XSR,absent_in_binance,XSR
XUC,absent_in_binance,XUC
YEE,absent_in_binance,YEE
YGG,absent_in_binance,YGG
YOU,absent_in_binance,YOU
ZKS,absent_in_binance,ZKS
ZYRO,absent_in_binance,ZYRO
